{
  "Total" : {
    "transaction" : "Total",
    "sampleCount" : 50000,
    "errorCount" : 179,
    "errorPct" : 0.358,
    "meanResTime" : 1229.9342399999953,
    "medianResTime" : 73.0,
    "minResTime" : 46.0,
    "maxResTime" : 75005.0,
    "pct1ResTime" : 609.0,
    "pct2ResTime" : 2027.0,
    "pct3ResTime" : 35693.0,
    "throughput" : 411.7462984007774,
    "receivedKBytesPerSec" : 137.93343374796186,
    "sentKBytesPerSec" : 58.49584766725135
  },
  "HTTP Request" : {
    "transaction" : "HTTP Request",
    "sampleCount" : 50000,
    "errorCount" : 179,
    "errorPct" : 0.358,
    "meanResTime" : 1229.9342399999953,
    "medianResTime" : 73.0,
    "minResTime" : 46.0,
    "maxResTime" : 75005.0,
    "pct1ResTime" : 609.0,
    "pct2ResTime" : 2027.0,
    "pct3ResTime" : 35693.0,
    "throughput" : 411.7462984007774,
    "receivedKBytesPerSec" : 137.93343374796186,
    "sentKBytesPerSec" : 58.49584766725135
  }
}